Brand,Series,Screen Size,Color,Hard Disk Size,CPU Model,Ram Memory Installed Size,Operating System,Card Description,Graphics Coprocessor,Special Feature,CPU Speed,Hard Disk Description,Resolution,RAM Memory Maximum Size,Model Name,Item Weight,Price
Acer,PH315-54-760S,15.6 Inches,Black,512 GB,Core i7,16 GB,Windows 11 Home,RTX 3060,NVIDIA GeForce RTX 3060,,,,,,,,"$1,225.55"
Acer,AN515-55-53E5,15.6 Inches,Black,256 GB,Core i5,8 GB,Windows 11 Home,Dedicated,NVIDIA GeForce RTX 3050,,,,,,,,$763.00
MSI,Pulse GL66 11UGK-001,15.6 Inches,Core Black,512 GB,Core i7,16 GB,Windows 10 Home,Dedicated,NVIDIA GeForce RTX 3070,,,,,,,,"$1,276.99"
ASUS,ASUS TUF Gaming F15,15.6 Inches,Bonfire Black,512 GB,Core i5,8 GB,Windows 11 Home,GTX 1650,,"NVIDIA GeForce GTX 1650 Graphic card, Intel Core i5 CPU, MIL-STD-810H military standard chassis",,,,,,,$699.99
ASUS,ASUS TUF Dash,15.6 Inches,Eclipse Grey,512 GB,Core i7,8 GB,Windows 10 Home,GeForce RTX 3050 Ti,NVIDIA GeForce RTX 3050 Ti,,,,,,,,$948.00
ASUS,TUF Gaming F17,17.3 Inches,Eclipse Gray,1 TB,Core i7,16 GB,Windows 10 Home,RTX 3060,NVIDIA GeForce RTX 3060,,,,,,,,
Acer,PH315-53-71HN,15.6 Inches,Black,512 GB,Corei7-10750H,16 GB,Windows 10 Home,Dedicated,,Multi-touch Gesture,,,,,,,"$1,341.00"
MSI,Stealth 15M A11UEK-009,15.6 Inches,Carbon Gray,512 GB,Core i7,16 GB,Windows 10 Home,Dedicated,NVIDIA GeForce RTX 3060,,,,,,,,"$1,149.99"
Lenovo,Legion 5 15,15.6,Phantom Blue,512 GB,Ryzen 7,16 GB,Windows 11,Dedicated,‎NVIDIA GeForce RTX 3050 Ti,,,,,,,,$997.13
Razer,Razer Blade 15 Base,15.6 Inches,Black,256 GB,Corei7-10750H,8 GB,Windows 10,Dedicated,NVIDIA GeForce GTX 1650 Ti,,,,,,,,"$1,430.16"
Acer,Nitro 5,15.6 Inches,,1 TB,AMD Ryzen 7,32 GB,Windows 10,Integrated,NVIDIA GeForce RTX 3060,,4.4 GHz,,,,,,"$1,199.00"
MSI,Crosshair 17 A11UEK-066,17.3 Inches,Titanium Gray,512 GB,Core i7 Family,16 GB,Windows 10 Home,Dedicated,,,2.4 GHz,,,,,,"$1,464.00"
MSI,Gaming notebook,15.6 Inches,Black,512 GB,Core i5,8 GB,Windows 10 Home,Dedicated,,,2.7 GHz,,,,,,$858.98
Lenovo,IdeaPad Gaming,15.6 Inches,,1 TB,Ryzen 5,16 GB,Windows 11,Dedicated,GTX1650,,4.2 GHz,,,,,,$849.00
ASUS,TUF506,15.6 Inches,Black,1 TB,Core i7,32 GB,Windows 10,Dedicated,NVIDIA GeForce GTX 1660Ti,,,,,,,,"$1,439.99"
ASUS,TUF Gaming F15 Gaming Laptop,15.6 Inches,Mecha Gray,1 TB,Intel Core i7 Extreme,16 GB,Windows 11 Home,RTX 3060,NVIDIA GeForce RTX 3060,,,,,,,,"$1,499.99"
MSI,GF,15.6 Inches,Black,1 TB,Core i5,4 GB,Windows 10,Dedicated,NVIDIA GeForce GTX 1650,,,,,,,,$869.99
Lenovo,‎Legion 5 15 Gaming,15.6 Inches,,1 TB,Ryzen 7 5800H,16 GB,Windows 10 Home,Dedicated,NVIDIA GeForce RTX 3050 Ti,,3.2 GHz,,,,,,"$1,285.00"
ASUS,TUF506,15.6 Inches,Gray,1 TB,Core i7,4 GB,Windows 10 Home,Dedicated,RTX 3050,,,,,,,,"$1,249.99"
ASUS,ASUS TUF Gaming F17,17.3 Inches,Eclipse Gray,512 GB,Intel Core i7,16 GB,Windows 10 Home,GeForce RTX 3050 Ti,NVIDIA GeForce RTX 3050,,,,,,,,"$1,149.99"
MSI,,15.6 Inches,Black/red,512 GB,Corei5-10300H,16 GB,Windows 10,Dedicated,NVIDIA GTX 1650 MaxQ,,4.5 GHz,,,,,,$799.00
ASUS,ASUS F17,17.3 Inches,Gray,512 GB,Intel Core i5,16 GB,Windows 10 Home,"Integrated, Dedicated",NVIDIA GeForce RTX 3050,,,,,,,,$999.00
MSI,GF65,15.6 Inches,Black,1 TB,Core i5,32 GB,Windows 10,Dedicated,GeForce RTX™ 3060,,,,,,,,"$1,299.99"
MSI,GE76 Raider,17.3 Inches,Titanium Blue,1 TB,Intel Core i7,16 GB,Windows 10 Home,Dedicated,NVIDIA GeForce RTX 3080,,,,,,,,"$1,499.99"
HP,HP Pavilion Gaming 15 Laptop,15.6 Inches,Shadow Black,512 GB,Ryzen 5 4600H,8 GB,Windows 10 Home,Dedicated,NVIDIA GeForce GTX 1650,,,,,,,,$725.00
Acer,AN517-54-77KG,17.3 Inches,Black,,Core i7,16 GB,Windows 10 Home,Dedicated,NVIDIA GeForce RTX 3050 Ti,,4.6 GHz,,,,,,"$1,345.00"
,,,,,,,,,,,,,,,,,"$1,548.00"
HP,17-ck0010nr,17.3 Inches,Shadow black,512 GB,Core i7,16 GB,Windows 10 Home,Dedicated,,,4.6 GHz,,,,,,"$1,409.98"
Lenovo,Ideapad Gaming 3 15 Laptop,15.6,Shadow Black,,Ryzen 5,8 GB,Windows 10 Home,Dedicated,NVIDIA GeForce GTX 1650,,3.3,,,,,,$672.00
ASUS,ASUS Rog Zephyrus,14 Inches,White,1 TB,Ryzen 9,16 GB,Windows 10,Dedicated,NVIDIA GeForce RTX3060 Max-Q,,,,,,,,"$1,428.90"
Acer,A515-46-R3UB,15.6 Inches,Silver,128 GB,Ryzen 3,4 GB,Windows,Integrated,,,3.5 GHz,,,,,,$369.99
Apple,MacBook Air,11.6 Inches,,128 GB,Core i5,4 GB,MAC OS X,Integrated,Intel,,1.6 GHz,,,,,,$210.00
ASUS,ASUS VivoBook 15,15.6 Inches,Indie Black,512 GB,Intel Core i7,16 GB,Windows 10 Home,GeForce MX350,NVIDIA GeForce MX350,,,,,,,,$799.99
ASUS,ROG Strix G15,15.6 Inches,Eclipse Gray,1 TB,Ryzen 7,16 GB,Windows 10 Home,GeForce RTX 3050 Ti,NVIDIA GeForce RTX 3050 Ti,,,,,,,,
HP,HP Pavilion Gaming Laptop 15-dk0020nr,15.6 Inches,Shadow Black/Acid Green,256 GB,Core i5 Family,8 GB,Windows 10 Home,Dedicated,NVIDIA GeForce GTX 1650,,,,,,,,$804.88
GIGABYTE,G5 GD-51US123SO,15.6 Inches,Black,512 GB,Intel Mobile CPU,16 GB,Windows 11 Home,Dedicated,,,4.5 GHz,,,,,,$829.00
HP,HP Pavilion,15.6 Inches,Shadow Black,256 GB,AMD R Series,8 GB,Windows 10,Dedicated,NVIDIA GeForce GTX 1650,,,,,,,,$749.00
Acer,AN515-45-R92M,15.6 Inches,Black,512 GB,AMD Ryzen 7,16 GB,Windows 10 Home,Dedicated,,,4.4 GHz,,,,,,"$1,074.00"
GIGABYTE,A7 K1-BUS1150SB,17.3,Black,1 TB,AMD Ryzen 7 5800H,16 GB,Windows 11 Home,Dedicated,,,3.2 GHz,,,,,,"$1,299.00"
Acer,PH315-52-710B,15.6 Inches,Black,512 GB,Intel Core i7,16 GB,Windows 10 Home,Dedicated,NVIDIA GeForce GTX 1650 Ti,,,,,,,,"$1,289.99"
Lenovo,Lenovo Ideapad,15.6 Inches,,1 TB,Ryzen 5,16 GB,Windows 11,Dedicated,NVIDIA GeForce RTX 3050 Ti,,4.2 GHz,,,,,,$969.99
ASUS,ASUS Rog Zephyrus,14 Inches,Moonlight White,1 TB,AMD R Series,16 GB,Windows 10,Dedicated,NVIDIA GeForce RTX 2060,,,,,,,,"$1,418.99"
MSI,GF63 THIN 9SC-068,15.6 Inches,Black,256 GB,Core i5,8 GB,Windows,Dedicated,NVIDIA GeForce GTX 1650,,,,,,,,$680.00
Acer,PT515-52-73L3,15.6 Inches,Black,512 GB,Corei7-10750H,16 GB,Windows 10 Home,RTX 2070 Super,NVIDIA GeForce RTX 2070,,,,,,,,"$1,451.00"
MSI,GF63 THIN 10SC-035,15.6 Inches,Black,1 TB,Corei5-10300H,8 GB,Windows 10 Home,Dedicated,RTX 3050,,,,,,,,$670.29
Acer,Acer Nitro,15.6 Inches,,1 TB,Core i5,16 GB,Windows 10 Home,Dedicated,NVIDIA GeForce RTX 3050,,4.5 GHz,,,,,,$999.99
Acer,PH315-53-72XD,15.6 Inches,Abyss Black,512 GB,Corei7-10750H,16 GB,Windows 10 Home,RTX 2060,,Multi-touch Gesture,,,,,,,"$1,326.00"
ASUS,ASUS Rog Strix,15.6 Inches,Black,512 GB,Ryzen 9,16 GB,Windows 10 Home,GeForce RTX 3060,NVIDIA GeForce RTX 3060,,,,,,,,
Lenovo,Legion 5 17ITH6H,17.3 Inches,"Phantom Blue, Shadow Black",512 GB,Core i7 Family,16 GB,Windows 11 Home,Geforce RTX 3060,NVIDIA GeForce RTX 3060,,,,,,,,"$1,189.99"
MSI,GF65 Thin 10UE-047,15.6 Inches,Core Black,512 GB,Corei7-10750H,16 GB,Windows 10 Home,Dedicated,NVIDIA GeForce RTX 3060,,,,,,,,"$1,209.00"
Acer,Acer Nitro,15.6 Inches,Black,1 TB,Core i5,16 GB,Windows 11,Dedicated,NVIDIA GeForce GTX 1650,,,,,,,,$904.99
Acer,SFX14-41G-R1S6,14 Inches,Gold,512 GB,AMD Ryzen 7,16 GB,Windows 10 Home,Dedicated,,Multi-touch Gesture,,,,,,,"$1,054.02"
ASUS,TUF,15.6 Inches,Eclipse Grey Color,1 TB,Core i7,4 GB,Windows 10,,NVIDIA GeForce RTX 3050 Ti,,4.8 GHz,,,,,,"$1,299.00"
MSI,GF65,15.6 Inches,,512 GB,Xeon Platinum 8160M,8 GB,Windows 10,Dedicated,NVIDIA GeForce RTX 3060,,2.5 GHz,,,,,,
HP,15T,15.6 Inches,Black,512 GB,Core i5,16 GB,Windows 10 Home,Dedicated,RTX 3060,,,,,,,,"$1,449.99"
ASUS,ASUS ROG,14 Inches,RTX 2060 Max-Q-16GB RAM/1TB SSD,1 TB,Ryzen 9,16 GB,Windows 10,Dedicated,NVIDIA GeForce RTX 2060 Max-Q,,,,,,,,"$1,399.00"
ASUS,ASUS ROG Strix G17,17.3 Inches,Eclipse Gray,512 GB,AMD Ryzen 7,16 GB,Windows 10 Home,GeForce RTX 3050 Ti,NVIDIA GeForce RTX 3050 Ti,,,,,,,,"$1,279.00"
ASUS,TUF Gaming F17 FX706,17.3 Inches,Bonfire Black,512 GB,Intel Core i5,8 GB,Windows 10 Home,Dedicated,NVIDIA GeForce GTX 1650 Ti,,,,,,,,$889.90
HP,Pavilion,15.6 Inches,Black,1 TB,Corei5-10300H,4 GB,Windows 10,Dedicated,NVIDIA GeForce GTX 1650,,,,,,,,$799.00
Acer,Acer Nitro,15.6 Inches,Black,1 TB,Intel Core i5,16 GB,"Windows 10 Home, Windows 10",Dedicated,NVIDIA GeForce GTX 1650,,,,,,,,
HP,HP Omen,17.3 Inches,Shadow Black,1 TB,Core i7,16 GB,Windows 10 Home,Dedicated,NVIDIA GeForce RTX 3060,,,,,,,,"$1,499.99"
Acer,Acer Aspire,15.6 Inches,Silver,128 GB,AMD R Series,20 GB,Windows 11,,Amd,,2.1 GHz,,,,,,$579.99
HP,HP Laptop 14-fq1025nr,14 Inches,Natural Silver,256 GB,AMD Ryzen 5 5500U,8 GB,Windows 11 Home,Integrated,,"HP Fast Charge: Go from 0 to 50% charge in approximately 45 minutes., HP is committed to global citizenship and environmental responsibility. Do the environment—and your wallet—a favor when you use the HP Laptop that meets strict energy-efficiency and helps reduce your carbon footprint., Sleek design: Easily take this thin and light PC from room to room or on the road., Uned stereo speakers: HP custom tunes the dual speaker setup in every notebook for exceptional stereo quality., AMD Radeon™ graphics: Whether it’s games or movies, experience high performance for all your entertainment.  See more",,,,,,,$483.99
MSI,Pulse GL76 12UEK-052,17.3 Inches,Black,512 GB,Core i7,16 GB,Win11 Home,Dedicated,,,1.7 GHz,,,,,,"$1,479.99"
Lenovo,Lenovo Ideapad,15.6 Inches,Black,512 GB,Intel Core i5,16 GB,Windows 10 Home,Dedicated,NVIDIA GeForce GTX 1650,,,,,,,,$828.00
ASUS,Modern,17.3 Inches,Black,1 TB,Intel Core i5,16 GB,Windows 10 Home,Dedicated,NVIDIA GeForce RTX 3050 Ti,,,,,,,,"$1,107.79"
Lenovo,L340 Gaming,15.6 Inches,Black,512 GB,Core i5,8 GB,Windows 10,Dedicated,NVIDIA GeForce,,,,,,,,
Dell,Dell G15 5511,15.6 Inches,Black,512 GB,Core i5 Family,8 GB,Windows 10 Home,RTX 3050,,Dell Gaming,,,,,,,$920.00
ASUS,ASUS ROG Strix G17,17.3,Exlipse Gray,512 GB,Ryzen 7,16 GB,Windows 11,GeForce RTX 3050 Ti,,,4.4 GHz,,,,,,"$1,199.00"
Acer,Acer Nitro,15.6 Inches,,1 TB,Core i5,16 GB,Windows 10,Dedicated,NVIDIA GeForce GTX 1650,Gaming,,,,,,,$969.99
Alienware,Alienware m15 R4,15.6 Inches,White,512 GB,Core i7,16 GB,Windows 10 Home,NVIDIA RTX3060,NVIDIA GeForce RTX 3060,,,,,,,,"$1,869.55"
MSI,GS76 Stealth 11UE-221,17.3 Inches,Core Black,512 GB,Core i7 Family,16 GB,Windows 10 Pro,Dedicated,,,2.4 GHz,,,,,,"$1,490.00"
Acer,AN515-54-728C,15.6 Inches,,256 GB,Core i7,16 GB,Windows 10 Home,Dedicated,NVIDIA GeForce RTX 2060,,4.5 GHz,,,,,,"$1,199.99"
CHUWI,CHUWI CoreBook Xpro,15.6 Inches,Gray,512 GB,Core i5 8250U,8 GB,Windows 10 Home,Dedicated,,Office，student,,,,,,,$599.99
Lenovo,Thinkpad T420,14 Inches,Black,512 GB,Core i5-2410M,8 GB,Windows 10 Pro,Integrated,Intel HD Graphics 4000,,,,,,,,$199.99
HP,HP Omen,16.1 Inches,Mica Silver,1 TB,Ryzen 7,16 GB,Windows 11 Home,,AMD Radeon RX 6600M,,4.4 GHz,,,,,,"$1,339.99"
Lenovo,Lenovo Legion,17.3 Inches,Black,1 TB,Ryzen 5,16 GB,Windows 11,Dedicated,NVIDIA GeForce GTX 1650,,,,,,,,$949.99
Lenovo,Legion 5,17.3 Inches,Blue,2 TB,Ryzen 5,32 GB,Windows 11 Home,Dedicated,NVIDIA GeForce RTX 3060,,,,,,,,"$1,419.90"
Dell,G15,15.6 Inches,Phantom Grey,1 TB,AMD R Series,32 GB,Windows 10,Dedicated,NVIDIA GeForce RTX 3050 Ti,,,,,,,,"$1,279.00"
Acer,AN515-55-59KS,15.6 Inches,Black,256 GB,Core i5,8 GB,Windows 10 Home,Integrated,NVIDIA GeForce GTX 1650 Ti,,,,,,,,
HP,,17.3 Inches,Silver,1 TB,Core i5,16 GB,Windows 11 Home,,Intel Iris Xe Graphics,,2.4 GHz,SSD,,,,,$759.99
Lenovo,IdeaPad Gaming,15.6 Inches,,256 GB,Core i5,16 GB,Windows 11,Integrated,NVIDIA GeForce RTX 3050,,3.1 GHz,,,,,,$899.99
ASUS,,15.6 Inches,,512 GB,Ryzen 5 3550H,16 GB,Windows 10 Home,,AMD Radeon RX 560,,2.1 GHz,SSD,1080p,,,,$749.99
Lenovo,Legion Slim 7,15.6 Inches,Shadow Black,512 GB,AMD Ryzen 7,16 GB,Windows 11,Dedicated,NVIDIA GeForce RTX 3060,,,,,,,,"$1,325.90"
MSI,Katana GF76 12UE-026,17.3 Inches,Black,512 GB,Core i7,16 GB,Win11 Home,Dedicated,,,1.7 GHz,,,,,,"$1,409.00"
Lenovo,Ideapad 3 15 Laptop,15.6 Inches,Abyss Blue,512 GB,AMD Ryzen 5 5500U,8 GB,Windows 11,Integrated,,,,SSD,,,,,$529.99
MSI,GS66 Stealth 10SE-684,15.6 Inches,Core Black,512 GB,Core i7 Family,16 GB,Windows 10 Home,Dedicated,NVIDIA GeForce RTX 2060,,,,,,,,"$1,319.97"
MSI,GE75 Raider 10SF-286,17.3 Inches,,512 GB,Core i7,64 GB,Windows 10 Home,Dedicated,NVIDIA GeForce RTX 2070,,2.3 GHz,,,,,,"$1,449.99"
MSI,MSI Sword,15.6 Inches,White,512 GB,Intel Core i7,8 GB,Windows 10,Dedicated,NVIDIA GeForce RTX 3050ti graphics,,,,,,,,$939.99
GIGABYTE,AORUS 15P XD-73US224SH,15.6 Inches,Black,1 TB,Intel Mobile CPU,16 GB,Windows 10 Home,Dedicated,,,4.6 GHz,,,,,,"$1,548.99"
GIGABYTE,AORUS 15P KD-72US223SO,15.6,Black,512 GB,Intel Mobile CPU,16 GB,Windows 11 Home,Dedicated,,,4.6 GHz,,,,,,"$1,199.99"
Dell,G15,15.6 Inches,Black,1 TB,Core i7 Family,32 GB,Windows 11 Pro,Dedicated,NVIDIA GeForce RTX 3050,,,,,,,,
Tulasi,,14.1 Inches,,128 GB,Celeron,8 GB,Windows 11,,Intel UHD 600,,2.7 GHz,SSD,1080p,,,,$298.00
MSI,GF75 Thin i5 Laptop,17.3 Inches,Black,512 GB,Core i5,16 GB,Windows 10,Dedicated,NVIDIA GeForce GTX 1650 Ti,,,,,,,,$859.99
Lenovo,Legion 5,17.3 Inches,Blue,1 TB,Ryzen 5,16 GB,Windows 11 Home,Dedicated,NVIDIA GeForce RTX 3060,,,,,,,,"$1,209.90"
ALLDOCUBE,GT Book,14 Inches,Gray,256 GB,Celeron N,12 GB,Windows 11 Home,,Intel UHD Graphics,,2.8 Hz,,,,,,$322.99
MSI,,,,,Core i5,6 GB,Windows 10,,,,,SSD,,32 GB,,,"$1,199.99"
MSI,GV15 Thin 11SC-633,15.6 Inches,Black,,Core i5,8 GB,Win 11,Dedicated,NVIDIA GeForce GTX 1650,,4.5 GHz,,,,,,$749.99
Dell,G3579-5941BLK-PUS,15.6 Inches,Black,128 GB,Core i5,8 GB,Windows 10 Home,Dedicated,NVIDIA GeForce GTX 1050,,,,,,,,$749.00
HP,HP Pavilion,15.6 Inches,Horizon Blue,512 GB,AMD Ryzen 7,16 GB,Windows 11,AMD Radeon Graphics,AMD Radeon Graphics,,,,,,,,$779.00
Evoo,EVOO Gaming Laptop,15.6 Inches,Black,512 GB,Ryzen 7 4800H,16 GB,Windows 10 Home,Integrated,NVIDIA GeForce RTX 2060,,,,,,,,$949.99
,,,,,,,,,,,,,,,,,"$1,548.00"
MSI,GF63 THIN 9SC-614,15.6 Inches,Black,512 GB,Core i5,8 GB,Windows 10,Dedicated,GTX 1650 MaxQ,,,,,,,,$749.99
Lenovo,Legion Y540,15.6 Inches,Black,256 GB,Core i7,16 GB,Windows 10 Home,Dedicated,NVIDIA GeForce GTX 1660Ti,,,,,,,,$986.99
Lenovo,Lenovo Legion,15.6 Inches,Phantom Blue,1 TB,Ryzen 7,32 GB,Windows 10,Dedicated,NVIDIA GeForce RTX 3050 Ti,,,,,,,,"$1,399.90"
ASUS,ASUS ROG Zephyrus G14,14 Inches,16GB RAM|1TB PCIe SSD,1 TB,Ryzen 7,16 GB,Windows 10 Home,Dedicated,NVIDIA GeForce RTX 2060 Max-Q,,,,,,,,"$1,175.00"
MSI,,15.6 Inches,,512 GB,Intel Core i7,16 GB,Windows 10 Home,Dedicated,NVIDIA GeForce RTX 3060,,2.3 GHz,SSD,,,,,"$1,249.00"
Acer,,15.6 Inches,Abyss Black,,Core i7,16 GB,Windows 10 Home,Dedicated,,Multi-touch Gesture,"4.6, 2.3 GHz",,,,PT315-53-79FG,,
Lenovo,Flex 5,14 Inches,Graphite Grey,512 GB,Ryzen 7 Pro 1700X,16 GB,Windows 10,,Integrated AMD Radeon Graphics,,2 GHz,,,,,,$764.00
Lenovo,Lenovo Ideapad,15.6 Inches,Blue,512 GB,AMD R Series,12 GB,Windows,,Integrated AMD Radeon™ 7 Graphics,,4 GHz,,,,,,$609.00
ASUS,ROG Strix G17,17.3 Inches,Gray,1 TB,Ryzen 7 4800H,16 GB,Windows 10,Dedicated,NVIDIA GeForce RTX 3060,,,,,,,,"$1,424.99"
Acer,A515-56-36UT,15.6 Inches,Silver,128 GB,Core i3,4 GB,Windows 11 S,Integrated,,Multi-touch Gesture,,,,,,,$332.40
Acer,PT515-52-71K5,15.6 Inches,Black,1 TB,Core i7,16 GB,Windows 10 Home,RTX 2070 Super,NVIDIA GeForce RTX 2070,,,,,,,,"$1,579.00"
Dell,Inspiron 13 5310,13.3 Inches,Windows 10,512 GB,Core i7,16 GB,Windows 10,NVIDA GeForce MX450,NVIDIA GeForce MX450,,,,,,,,$999.00
HP,HP Laptop 17-cn0025nr,17.3 Inches,Natural silver,256 GB,Intel Core i5-1135G7,8 GB,Windows 11 Home,Integrated,,"Operating system: Windows 11 Home, Display: 17.3-inch diagonal, HD+ (1600 x 900), anti-glare), Processor: 11th Generation Intel Core i5-1135G7, Internal storage: 256 GB PCIe NVMe M.2 SSD, Memory: 8 GB DDR4-3200 MHz RAM (2 X 4 GB)  See more",,,,,,,$579.00
Apple,MacBook Air,13.3 Inches,Silver,128 GB,Core i5,4 GB,Mac OS X,Integrated,,"720p FaceTime HD Camera, SDXC Card Slot",,,,,,,$239.99
HP,HP Pavilion,14 Inches,,1 TB,Ryzen 5,32 GB,Windows 11,Integrated,AMD Radeon™ Graphics,,2.4 GHz,,,,,,$669.99
Lenovo,Ideapad,15.6 Inches,Gray,1 TB,Core i3 Family,20 GB,Windows 11 Home,,Intel UHD Graphics,,3 GHz,,,,,,$579.00
MSI,Modern 14 B11SB-084,14 Inches,Carbon Gray,1 TB,Core i5 Family,8 GB,Windows 10 Pro,Dedicated,,,0.9 GHz,,,,,,$934.00
Lenovo,Lenovo Legion,17.3 Inches,Black,256 GB,AMD R Series,32 GB,Windows 11,,Amd,,2 GHz,,,,,,"$1,099.99"
HP,HP,15.6 Inches,Silver,256 GB,Intel Core i3,16 GB,Windows 10,Integrated,Intel,,,,,,,,$469.00
Lenovo,,15.6 Inches,Black,512 GB,,16 GB,Windows 10 Home,Dedicated,,,4.1 GHz,,"1080p, 720p",,,4.85 Pounds,$845.00
MSI,GF75,17.3 Inches,Black,512 GB,Core i5,8 GB,Windows 10 Home,Dedicated,NVIDIA GeForce GTX 1650 Ti,,,,,,,,
HP,Pavilion,15.6 Inches,Natural Silver,512 GB,AMD R Series,16 GB,Windows 10 Home,,AMD Radeon Graphics,,3.5 GHz,,,,,,$599.00
Acer,Nitro 5 Gaming Laptop,15.6 Inches,Shale Black,1 TB,Ryzen 7,16 GB,Windows 10 Home,Dedicated,GeForce RTX™ 3060,,,,,,,,"$1,268.00"
Lenovo,Lenovo Ryzen 3,15.6 Inches,,1 TB,AMD Ryzen 7,8 GB,Windows 10,Dedicated,NVIDIA GeForce RTX 3050 Ti 4GB GDDR6,,3.2 GHz,,,,,,"$1,349.00"
MSI,Prestige 14Evo A11MO-052,14 Inches,Carbon Gray,512 GB,Core i7 Family,16 GB,Win 10 Multi-language /Free upgrade to Win 11,Integrated,,,2.9 GHz,,,,,,$799.00
DaySky,,14.1 Inches,Red,512 GB,Celeron N4000,12 GB,Windows 10 Pro,,‎Intel UHD Graphics,,2.9 GHz,SSD,,,,,$529.99
ASUS,TUF FX505DT,15.6 Inches,Black,256 GB,Ryzen 5 3550H,8 GB,Windows 10 Home,Dedicated,NVIDIA GeForce GTX 1650,,,,,,,,"$1,083.00"
HP,HP,15.6 Inches,Silver,256 GB,Intel Core i3,16 GB,Windows 10,Integrated,Intel,,,,,,,,$469.00
Lenovo,,15.6 Inches,Black,512 GB,,16 GB,Windows 10 Home,Dedicated,,,4.1 GHz,,"1080p, 720p",,,4.85 Pounds,$845.00
Lenovo,Ideapad L340 Gaming Laptop,15.6 Inches,Black,512 GB,Core i5,16 GB,Windows 10,Dedicated,NVIDIA GeForce GTX 1650,,,,,,,,$829.00
MSI,GF75,17.3 Inches,Black,512 GB,Core i5,8 GB,Windows 10 Home,Dedicated,NVIDIA GeForce GTX 1650 Ti,,,,,,,,
HP,Pavilion,15.6 Inches,Natural Silver,512 GB,AMD R Series,16 GB,Windows 10 Home,,AMD Radeon Graphics,,3.5 GHz,,,,,,$599.00
Acer,Nitro 5 Gaming Laptop,15.6 Inches,Shale Black,1 TB,Ryzen 7,16 GB,Windows 10 Home,Dedicated,GeForce RTX™ 3060,,,,,,,,"$1,268.00"
Lenovo,Lenovo Ryzen 3,15.6 Inches,,1 TB,AMD Ryzen 7,8 GB,Windows 10,Dedicated,NVIDIA GeForce RTX 3050 Ti 4GB GDDR6,,3.2 GHz,,,,,,"$1,349.00"
MSI,Prestige 14Evo A11MO-052,14 Inches,Carbon Gray,512 GB,Core i7 Family,16 GB,Win 10 Multi-language /Free upgrade to Win 11,Integrated,,,2.9 GHz,,,,,,$799.00
DaySky,,14.1 Inches,Red,512 GB,Celeron N4000,12 GB,Windows 10 Pro,,‎Intel UHD Graphics,,2.9 GHz,SSD,,,,,$529.99
HP,HP Pavilion x360 Convertible 14-dw1025nr,14 Inches,Natural Silver,256 GB,Intel Core i5-1135G7,8 GB,Windows 11 Home,Integrated,,"PCIe NVMe SSD storage, 11th Generation Intel Core processor, Intel Iris Xe graphics, Wi-Fi CERTIFIED 6 and Bluetooth 5, Windows 11  See more",,,,,,,$698.00
Lenovo,Ideapad 3 17 Laptop,17.3,Abyss Blue,,Ryzen 5,8 GB,Windows 10 Home,Integrated,,,2.1 GHz,SSD,,,,,$551.97
ASUS,ASUS VivoBook 15,15.6 Inches,Slate Grey,128 GB,Ryzen 5 3500U,8 GB,Windows 10 Home,Integrated,AMD Radeon Graphics,,,,,,,,$619.99
HP,Victus,16.1 Inches,,1 TB,Core i5,16 GB,Windows 11,Integrated,NVIDIA GeForce RTX 3050,,4.5 GHz,,,,,,"$1,089.00"
Lenovo,Lenovo Ideapad,15.6 Inches,Onyx Black,256 GB,AMD Ryzen 5 5600X,8 GB,Windows 10 Home,Dedicated,NVIDIA GeForce GTX 1650,,,,,,,,$705.00
Razer,Blade Stealth,13.3,Classic Black,512 GB,Core i7,16 GB,Windows 10,Dedicated,NVIDIA GeForce GTX 1650 Ti Max-Q,,,,,,,,"$1,769.98"
Lenovo,Lenovo Ideapad,15.6 Inches,Onyx Black,256 GB,AMD Ryzen 5 5600X,8 GB,Windows 10 Home,Dedicated,NVIDIA GeForce GTX 1650,,,,,,,,$705.00
Razer,Blade Stealth,13.3,Classic Black,512 GB,Core i7,16 GB,Windows 10,Dedicated,NVIDIA GeForce GTX 1650 Ti Max-Q,,,,,,,,"$1,769.98"
MSI,Sword15001,15.6 Inches,White,1 TB,Core i7 Family,32 GB,Windows 11 Home,Dedicated,NVIDIA GeForce RTX 3050 Ti 4GB GDDR6,,,,,,,,
Lenovo,Lenovo,17.3 Inches,Black,256 GB,Ryzen 5,8 GB,Windows 11,Dedicated,NVIDIA GeForce GTX 1650,,,,,,,,$899.00
MSI,GF661090,15.6,Black,,Core i7 Family,16 GB,Windows 11 Home,Integrated,,,2.4,SSD,,,,,"$1,015.99"
HP,,14 Inches,Black,320 GB,AMD R Series,16 GB,Windows 10,,AMD Radeon™ Graphics,,1.2 GHz,,,,50,,$459.99
Lenovo,Lenovo Legion,15.6 Inches,Black,512 MB,,8 GB,Windows,Dedicated,,,2.6 GHz,,1080p,,,,$920.00
MSI,10SCXR,17.3 Inches,Black,512 GB,Core i5,8 GB,Windows 10,,"GeForce GTX 1650, 4GB GDDR6",,2.5 GHz,,,,,,$999.99
ASUS,TUF Gaming A15,15.6 Inches,Fortress Gray,512 GB,Ryzen 7 4800H,16 GB,Windows 10 Home,Dedicated,NVIDIA GeForce GTX 1660Ti,,,,,,,,"$1,339.99"
SAMSUNG,Galaxy Book Pro,15.6 Inches,Silver,512 GB,Intel Core i5,8 GB,Windows 11 Home,Integrated,,,2.4 GHz,,,,,,$785.00
MSI,GF65 Thin 10SDR-1273,15.6 Inches,Aluminum Black,512 GB,Core i7 Family,8 GB,Windows 10 Home,Dedicated,NVIDIA GeForce GTX 1660Ti,,,,,,,,$849.00
HP,HP Laptop 17-by4025nr,17.3 Inches,Natural Silver,256 GB,Intel Core i3,4 GB,Windows 11 Home,Integrated,,"Processor: 11th Generation Intel Core i3-1115G4, Operating system: Windows 11 Home, Internal storage: 256 GB PCIe NVMe M.2 SSD, Display: 17.3-inch diagonal, HD+ (1600 x 900), BrightView, Memory: 4 GB DDR4-2666 MHz RAM (1 x 4 GB)  See more",,,,,,,$429.00
Acer,,15.6 Inches,Black,,,8 GB,Windows 10,Dedicated,NVIDIA GeForce GTX 1650,,2.4 GHz,,"1080p, 720p",,,2.2 Kilograms,$819.00
HP,,15.6 Inches,Blue,1 TB,AMD R Series,16 GB,Windows 11,,AMD Radeon Graphics,,4 GHz,SSD,,,,,$699.99
CHUWI,HeroBook Pro,14,Gray,256 GB,Celeron N4020,8 GB,Windows 10,Integrated,,"Chuwi herobook pro laptops tradicionales be used gaming laptop, Chuwi herobook pro laptop computer for study, Chuwi herobook pro editing laptop for edite, Chuwi herobook pro windows laptop for work, Chuwi herobook pro computer laptop for gaming  See more",,,,,,,$254.99
Acer,Acer Nitro,15.6 Inches,Black,2 TB,Core i5,32 GB,Windows 10,Dedicated,NVIDIA GeForce RTX 3050,,,,,,,,"$1,219.00"
Dell,Optiplex,,,,Core 2 Duo E7500,4 GB,,,Intel GMA 4500,,3 GHz,,,4 GB,,,$109.99
ASUS,‎ROG Strix G17,15.6 Inches,Gray | Ryzen 7 4800H | 16GB + 512GB SSD,512 GB,Ryzen 7,16 GB,Windows 10,Dedicated,,,3 GHz,,,,,,"$1,299.00"
ASUS,X512DA-BTS2020RL,15.6 Inches,Silver,512 GB,Ryzen 5 1400,8 GB,Windows 10,Dedicated,AMD Radeon Vega 8,,,,,,,,$564.81
HP,HP Pavilion,17.3 Inches,‎Natural Silver,1 TB,Intel Core i5,16 GB,‎Windows 11,Integrated,Intel Iris Xe Graphics,,,,,,,,$749.99
MSI,,15.6 Inches,,256 GB,Corei5-10300H,8 GB,Windows 10 Home,Integrated,NVIDIA GeForce GTX 1650,,2.5 GHz,SSD,,,,,
HP,Pavilion,15.6 Inches,Spruce Blue,512 GB,AMD R Series,16 GB,Windows 11,,AMD Radeon Graphics,,4 GHz,,,,,,$679.00
DERE,,14.1 Inches,Pink,256 GB,Celeron N,12 GB,Windows 10,Integrated,Intel Celeron N5095,,2,,,,,,$429.99
CHUWI,GemiBook,13 Inches,GemiBook(2021),256 GB,Celeron,8 GB,Windows 10,,Intel UHD Graphics 600,,2 GHz,,,,,,$299.00
TECLAST,TBolt 20 Pro,15.6 Inches,Dark Grey,256 GB,Core i5,8 GB,Windows 10,Dedicated,Iris Plus 655,,,,,,,,$549.99
Lenovo,Lenovo Ideapad,15.6 Inches,Black,512 GB,,8 GB,Windows 10 Home,,,,3.3 GHz,Flash_memory_solid_state,"1080p, 720p",,,,$779.00
Lenovo,Ideapad 3 14 Laptop,14,Abyss Blue,,Ryzen 5,256 GB,Windows 10 Home,Integrated,,,2.1,SSD,,,,,$548.00
Lenovo,‎IdeaPad Flex 5,14 Inches,Graphite Grey,512 GB,Ryzen 7 4700U,16 GB,Windows 10 Home,Integrated,Integrated AMD Radeon Graphics,,,,,,,,$738.99
ASUS,TUF F15,15.6 Inches,,1 TB,Corei5-10300H,16 GB,Windows 10,NVIDIA GeForce GTX 1650,NVIDIA GeForce GTX 1650,,2.5 GHz,,,,,,"$1,079.00"
XPG,XENIA15I7G9H1660TLX-GLCUS,15.6 Inches,GTX 1660 Ti,512 GB,Intel Core i7,16 GB,Windows 10,GeForce GTX 1660Ti,NVIDIA,,,,,,,,$799.00
ASUS,FX505DT-WB72,15.6 Inches,Black,256 GB,AMD Ryzen 7,8 GB,Windows 10,Dedicated,NVIDIA GeForce GTX 1650,,,,,,,,$825.00
ASUS,,15.6 Inches,Blue,512 GB,Celeron N,4 GB,Windows 10,,Intel UHD Graphics 600,,1.1 GHz,,,,L510,,$379.99
Dell,Inspiron,15.6 Inches,Black,1 TB,Core i5,16 GB,Windows 10,,Intel UHD Graphics,,1 GHz,,,,,,$672.00
HP,17-CN0065CL,17.3 Inches,Silver,1 TB,Core i7 Family,32 GB,Windows 11 Pro,Integrated,Intel Iris Xe Graphics,,,,,,,,
Bmax,X15,15.6 Inches,Gray,256 GB,Celeron N,8 GB,Windows 10,Integrated,Intel UHD Graphics 600,,,,,,,,$299.99
HP,Pavilion,17.3 Inches,Natural Silver,1 TB,Core i5,64 GB,Windows 1,,Intel Iris Xe Graphics,,4.2 GHz,,,,,,$999.00
HP,"HP Flagship 17.3"" Laptop",17.3 Inches,Silver,512 GB,Core i5 Family,16 GB,Windows 11,Integrated,Intel Iris Xe Graphics,,,,,,,,$689.00
Dell,Dell G15 Ryzen Edition Gaming Laptop 5600H,15.6 Inches,Silver,256 GB,AMD R Series,8 GB,Windows 10,Dedicated,Dedicated NVIDIA GeForce RTX 3050 4GB,,,,,,,,$920.98
MSI,Crosshair 17,17.3 Inches,Titanium Gray,512 GB,Core i7 Family,16 GB,Windows 11 Home,GeForce RTX 3050 Ti,NVIDIA GeForce RTX 3050 Ti,,,,,,,,"$1,199.00"
Lenovo,Legion,15.6 Inches,Raven Black,512 GB,Core i7 Family,4 GB,Windows 10,Dedicated,NVIDIA GeForce GTX 1650,,,,,,,,"$1,169.99"
Lenovo,Legion 5,17.3 Inches,Blue,1 TB,Ryzen 5,32 GB,Windows 11 Home,Dedicated,NVIDIA GeForce RTX 3060,,,,,,,,"$1,309.90"
ASUS,ROG Strix G15,15.6 Inches,Black,512 GB,Corei7-10750H,16 GB,Windows 10 Home,Dedicated,NVIDIA® GeForce RTX™ 2060,,,,,,,,"$1,299.99"
AWOW,,14 Inches,Black,256 GB,Core i5,8 GB,Windows 10 Home,Integrated,Intel® Coffee Lake-U I5-8279U,Waterproof(IPX5),,,,,,,$499.99
HP,,17.3 Inches,Silver,1 TB,Intel Core i3,16 GB,Windows 11 Home,,Intel UHD Graphics,,3 GHz,SSD,,,,,$629.00
MSI,GF63 Thin 8SC-030,15.6 Inches,Black,,Core i5,8 GB,Windows 10,Dedicated,NVIDIA GeForce GTX 1650,,2.3,,,,,,$699.90
BiTECOOL,,15.6 Inches,Silver,120 GB,Celeron,6 GB,Linux,,Intel UHD Graphics 600,,2 GHz,SSD,,,,,$279.00
HP,HP Notebook,17.3 Inches,Silver,512 GB,Intel Core i5,16 GB,Windows 11 Home,,Intel Iris Xe Graphics,,2.5 GHz,,,,,,$719.00
HP,,14 Inches,Gold,64 GB,Celeron,8 GB,"Windows, Windows 11",Integrated,Intel HD Graphics,,1.1 GHz,,,,,,$369.99
MSI,GF75 Thin,17.3 Inches,Aluminum Black,1 TB,Core i5,32 GB,Windows 10,Dedicated,Nvidia GTX 1650 Ti 4GB,,,,,,,,
Acer,Acer Nitro,15.6 Inches,Black,512 GB,Core i5,16 GB,Windows 10 Home,Dedicated,NVIDIA GeForce RTX 3050,,,,,,,,$896.00
ASUS,ASUS ZenBook Pro 15,15.6 Inches,Pine Grey,1 TB,Ryzen 9 5900X,16 GB,Windows 11 Pro,RTX 3050 Ti,NVIDIA GeForce RTX 3050 Ti,,,,,,,,"$1,454.99"
Dell,Inspiron 15 5510,15.6 Inches,Silver,512 GB,Core i5 Family,8 GB,Iris Xe,Intel Iris Xe Graphics,Intel Iris Xe Graphics,,,,,,,,
Lenovo,"Lenovo Ideapad Gaming 3i 15""",15.6,Gray,,Core i5,8 GB,Windows 11 Home,Dedicated,,,2.5 GHz,SSD,,,,,$949.99
HP,HP Pavilion,17.3 Inches,,512 GB,Intel Core i5,16 GB,Windows 11,,Intel Iris Xe Graphics,,2.4 GHz,SSD,,,,,$729.99
MSI,Modern 15 A11MU-681,15.6 Inches,Carbon Gray,512 GB,Core i7 Family,16 GB,Win 10 Multi-language /Free upgrade to Win 11,Integrated,,,2.9 GHz,,,,,,$834.66
Lenovo,Ideapad S330,14 Inches,Business Black,64 GB,MTK 8121,4 GB,Chrome OS,Integrated,,"Fast, simple, and secure Chromebook",,,,,,,$199.28
Acer,AV15-51-75QQ,15.6 Inches,Gray,512 GB,Core i7,16 GB,Windows,Integrated,,Post-Consumer Recycled Materials,,,,,,,$893.13
Acer,Acer Aspire,15.6 Inches,Silver,256 GB,Core i3 Family,8 GB,Windows 11 S,Integrated,Intel UHD Graphics,,,,,,,,$429.79
ASUS,ASUS VivoBook Pro 14,14 Inches,Quiet Blue,1 TB,AMD Ryzen 7 5800H,16 GB,Windows 11 Pro,GeForce RTX 3050,NVIDIA GeForce RTX 3050,,,,,,,,"$1,199.99"
Acer,EN314-51W-53RR,14 Inches,Black,,Intel Core i5,8 GB,Windows 10 Pro,Integrated,Intel UHD Graphics,Multi-touch Gesture,,,,,,,"$1,029.16"
MSI,GF75,17.3 Inches,,512 GB,Core i7,16 GB,Windows 10,Dedicated,NVIDIA GeForce GTX 1660Ti,,2.6 GHz,,,,,,"$1,249.99"
Acer,Acer Aspire,15.6 Inches,Silver/black,512 GB,Core i3,8 GB,Windows 10 S,Integrated,Integrated,,,,,,,,$479.99
HP,HP,15.6 Inches,Blue,512 GB,Ryzen 5,16 GB,Windows 11 Home,Integrated AMD Radeon Graphics,AMD Radeon Graphics,,,,,,,,$629.99
Apple,IPad Air 2,9.7 Inches,,,,,IOS 8,,,,,,,,,,$209.00
ASUS,ASUS VivoBook Pro 14,14 Inches,Quiet Blue,1 TB,AMD Ryzen 7 5800H,16 GB,Windows 11 Pro,GeForce RTX 3050,NVIDIA GeForce RTX 3050,,,,,,,,"$1,199.99"
Acer,EN314-51W-53RR,14 Inches,Black,,Intel Core i5,8 GB,Windows 10 Pro,Integrated,Intel UHD Graphics,Multi-touch Gesture,,,,,,,"$1,029.16"
Lenovo,IdeaPad Gaming 3-15IMH05,15.6 Inches,Onyx Black,256 GB,Core i5 Family,8 GB,Windows 10 Home,GeForce GTX 1650,NVIDIA GeForce GTX 1650,,,,,,,,$696.00
,,,,,,,,,,,,,,,,,"$1,249.99"
Acer,Acer Aspire,15.6 Inches,Silver/black,512 GB,Core i3,8 GB,Windows 10 S,Integrated,Integrated,,,,,,,,$479.99
HP,HP,16.1 Inches,Blue,1000 GB,Core i5,32 GB,Windows 11,Dedicated,NVIDIA GeForce RTX 3050,,,,,,,,"$1,094.32"
,,,,,,,,,,,,,,,,,$629.99
,,,,,,,,,,,,,,,,,"$1,347.99"
HP,,17.3 Inches,,1 TB,Intel Core i5,64 GB,Windows 11,Integrated,Intel Iris Xe Graphics,,2.4 GHz,SSD,,,,,$758.99
Acer,AN517-54-79L1,17.3 Inches,Shale Black,,,16 GB,Windows 11 Home,,,,2.4 GHz,,1920 x 1080,,,5.95 Pounds,"$1,195.98"
HP,14a-na0021nr,14 Inches,Ceramic White,0.01 MB,Celeron N4000,4 GB,Chrome OS,Integrated,Intel UHD Graphics 600,,,,,,,,$241.99
,,,,,,,,,,,,,,,,,$672.00
,,,,,,,,,,,,,,,,,$629.00
ASUS,ASUS,15.6 Inches,Black,256 GB,Ryzen 3 3200U,16 GB,Windows 10 Home,Integrated,AMD Radeon Vega 3,,,,,,,,$501.00
,,,,,,,,,,,,,,,,,$899.91
,,,,,,,,,,,,,,,,,$279.00
,,,,,,,,,,,,,,,,,$220.00
,,,,,,,,,,,,,,,,,"$1,179.98"
,,,,,,,,,,,,,,,,,$899.99
,,,,,,,,,,,,,,,,,$749.99
,,,,,,,,,,,,,,,,,$999.99
MSI,,14 Inches,,,Core i5,16 GB,Windows 10 Home,,,,"2.5, 4.5 GHz",Flash_memory_solid_state,1080p,,,4.65 Pounds,
,,,,,,,,,,,,,,,,,
,,,,,,,,,,,,,,,,,$557.00
Lenovo,Legion,15.6 Inches,Phantom Black,256 GB,AMD R Series,8 GB,Windows 10 Home,Dedicated,NVIDIA GeForce GTX 1650 Ti,,,,,,,,$795.00
,,,,,,,,,,,,,,,,,"$1,169.00"
,,,,,,,,,,,,,,,,,"$1,159.79"
,,,,,,,,,,,,,,,,,$400.16
,,,,,,,,,,,,,,,,,$267.00
,,,,,,,,,,,,,,,,,$249.00
,,,,,,,,,,,,,,,,,"$1,199.00"
,,,,,,,,,,,,,,,,,"$1,099.99"
,,,,,,,,,,,,,,,,,$309.00
,,,,,,,,,,,,,,,,,$815.00
,,,,,,,,,,,,,,,,,$695.99
,,,,,,,,,,,,,,,,,"$1,049.00"
,,,,,,,,,,,,,,,,,$200.00
,,,,,,,,,,,,,,,,,$669.99
,,,,,,,,,,,,,,,,,"$1,089.90"
,,,,,,,,,,,,,,,,,$949.99
HP,,,,,Intel Core 2 Duo,4 GB,,,Intel Integrated Graphics,,3.2 GHz,,,16 GB,,,$145.99
,,,,,,,,,,,,,,,,,"$1,439.99"
,,,,,,,,,,,,,,,,,$239.99
,,,,,,,,,,,,,,,,,$619.99
,,,,,,,,,,,,,,,,,$549.99
Acer,AN515-44-R99Q,15.6 Inches,Obsidian Black,256 GB,AMD R Series,8 GB,Windows 10,Dedicated,NVIDIA GeForce GTX 1650,,,,,,,,$729.00
,,,,,,,,,,,,,,,,,$249.00
HP,17z,17.3 Inches,Jet black,256 GB,AMD A Series,16 GB,Windows 10,,AMD Radeon Graphics,,2.4 GHz,,,,,,$609.00
,,,,,,,,,,,,,,,,,$369.00
,,,,,,,,,,,,,,,,,$429.00
,,,,,,,,,,,,,,,,,$703.00
,,,,,,,,,,,,,,,,,$649.00
,,,,,,,,,,,,,,,,,"$1,299.99"
,,,,,,,,,,,,,,,,,
,,,,,,,,,,,,,,,,,$819.99
,,,,,,,,,,,,,,,,,$319.00
,,,,,,,,,,,,,,,,,$969.99
,,,,,,,,,,,,,,,,,"$1,299.99"
,,,,,,,,,,,,,,,,,"$1,429.90"
,,,,,,,,,,,,,,,,,$249.00
,,,,,,,,,,,,,,,,,"$1,271.98"
,,,,,,,,,,,,,,,,,$769.00
,,,,,,,,,,,,,,,,,"$1,295.98"
,,,,,,,,,,,,,,,,,"$1,030.98"
Acer,TMP414-51-506U,14 Inches,Black,512 GB,Intel Core i5,8 GB,Windows 10 Pro,Integrated,,,4.2 GHz,,,,,,$849.99
Acer,C27-1655-UA93,,,,,16 GB,Windows 10 Pro,,,,,HDD,,16 GB,,,"$1,323.04"
,,,,,,,,,,,,,,,,,$742.64
,,,,,,,,,,,,,,,,,$329.00
,,,,,,,,,,,,,,,,,$499.99
Lenovo,Lenovo Legion,17.3 Inches,Black,1 TB,Ryzen 5,16 GB,Windows 11 Home,Dedicated,NVIDIA GeForce GTX 1650,,,,,,,,$989.00
HP,,17.3 Inches,Silver,512 GB,Intel Core i3,16 GB,Windows 11,Integrated,Intel Graphics,,3 GHz,,,,,,$649.99
,,,,,,,,,,,,,,,,,$878.78
,,,,,,,,,,,,,,,,,$612.00
MSI,GF63 THIN 9RCX-615,15.6 Inches,,512 GB,Intel Core i7,8 GB,Windows 10,Dedicated,NVIDIA GeForce GTX 1050 Ti,,2.4 GHz,,,,,,
,,,,,,,,,,,,,,,,,
Acer,2022 Newest Acer Aspire 5,15.6 Inches,Silver,128 GB,Ryzen 3,8 GB,Windows 11 Home in S Mode,Integrated,AMD Radeon Graphics,,,,,,,,$489.00
,,,,,,,,,,,,,,,,,"$1,049.00"
,,,,,,,,,,,,,,,,,"$1,350.48"
,,,,,,,,,,,,,,,,,$819.00
,,,,,,,,,,,,,,,,,$964.89
,,,,,,,,,,,,,,,,,"$1,049.00"
,,,,,,,,,,,,,,,,,
,,,,,,,,,,,,,,,,,$792.00
,,,,,,,,,,,,,,,,,$849.98
,,,,,,,,,,,,,,,,,
,,,,,,,,,,,,,,,,,$399.99
,,,,,,,,,,,,,,,,,"$1,449.99"
,,,,,,,,,,,,,,,,,$899.00
,,,,,,,,,,,,,,,,,"$1,119.00"
,,,,,,,,,,,,,,,,,$679.00
,,,,,,,,,,,,,,,,,$629.99
,,,,,,,,,,,,,,,,,$109.00
,,,,,,,,,,,,,,,,,$769.00
,,,,,,,,,,,,,,,,,$927.99
,,,,,,,,,,,,,,,,,$579.00
,,,,,,,,,,,,,,,,,$999.99
,,,,,,,,,,,,,,,,,
,,,,,,,,,,,,,,,,,
